prev_norm,m,curr_norm,converged
12.448645918624129,1,7.680093179673752,0
7.680093179673752,5,2.8827487473822395,0
2.8827487473822395,3,2.4258495809062763,0
2.4258495809062763,13,1.7255159891409615,0
1.7255159891409615,3,1.6549722019220205,0
1.6549722019220205,10,1.4626223620647507,0
1.4626223620647507,14,1.32323592470266,0
1.32323592470266,12,1.236136871750613,0
1.236136871750613,4,1.217055233707936,0
1.217055233707936,16,1.1247719555673024,0
1.1247719555673024,14,1.0495370708925031,0
1.0495370708925031,15,0.9231481696856497,0
0.9231481696856497,3,0.9072552950583946,0
0.9072552950583946,3,0.8969911658144818,0
0.8969911658144818,18,0.538638037542097,0
0.538638037542097,8,0.43609559980044044,0
0.43609559980044044,6,0.38143590569376445,0
0.38143590569376445,10,0.2568269134827888,0
0.2568269134827888,13,0.17993908314127785,0
0.17993908314127785,19,0.14201991142294293,0
0.14201991142294293,6,0.13813832592982855,0
0.13813832592982855,18,0.12932310777346276,0
0.12932310777346276,1,0.1290222672312173,0
0.1290222672312173,11,0.11619872876571392,0
0.11619872876571392,13,0.07923577797572358,0
0.07923577797572358,3,0.06536509113944586,0
0.06536509113944586,3,0.06203412286692581,0
0.06203412286692581,8,0.056857967759464466,0
0.056857967759464466,19,0.0035553105741316727,0
0.0035553105741316727,12,0.0007201827545630066,0
0.0007201827545630066,18,0.0004412286984036185,0
0.0004412286984036185,16,0.0004193489316713779,0
0.0004193489316713779,9,0.0004054398594908113,0
0.0004054398594908113,15,0.0003450469075715892,0
0.0003450469075715892,1,0.0003398848076665459,0
0.0003398848076665459,3,0.000330460321279369,0
0.000330460321279369,16,7.37190024969363e-05,0
7.37190024969363e-05,16,1.9733236533559174e-05,0
1.9733236533559174e-05,5,1.7876464205194774e-05,0
1.7876464205194774e-05,11,8.975481099879376e-06,0
8.975481099879376e-06,12,5.4488727540465806e-06,0
5.4488727540465806e-06,17,1.8913898999356793e-06,0
1.8913898999356793e-06,12,1.4446703649510496e-06,0
1.4446703649510496e-06,8,1.392012370526608e-06,0
1.392012370526608e-06,8,1.3537256472129634e-06,0
1.3537256472129634e-06,9,1.313874718316508e-06,0
1.313874718316508e-06,13,1.1392680960297223e-06,0
1.1392680960297223e-06,17,5.583717707035081e-07,1
14.242563100278192,18,2.065202898600992,0
2.065202898600992,6,1.8023862970780595,0
1.8023862970780595,11,1.464476423852235,0
1.464476423852235,14,1.2051443492100347,0
1.2051443492100347,13,1.020656525860603,0
1.020656525860603,18,0.9227650907609181,0
0.9227650907609181,3,0.9187160422836871,0
0.9187160422836871,10,0.9004590104179795,0
0.9004590104179795,8,0.8880185783968432,0
0.8880185783968432,10,0.8748633483908407,0
0.8748633483908407,3,0.8719145741917488,0
0.8719145741917488,3,0.870090662571014,0
0.870090662571014,6,0.8586517055637443,0
0.8586517055637443,6,0.8497241797674153,0
0.8497241797674153,9,0.8296700949121739,0
0.8296700949121739,12,0.797626229357282,0
0.797626229357282,13,0.7332394079394526,0
0.7332394079394526,8,0.6922970004140742,0
0.6922970004140742,8,0.6682587671516591,0
0.6682587671516591,5,0.6510481567341528,0
0.6510481567341528,12,0.4569108287268612,0
0.4569108287268612,7,0.3693469736388083,0
0.3693469736388083,1,0.3681009521921836,0
0.3681009521921836,8,0.31473278013326367,0
0.31473278013326367,10,0.25040564201208876,0
0.25040564201208876,5,0.23718030495999784,0
0.23718030495999784,11,0.10506065648018195,0
0.10506065648018195,11,0.04246308557614529,0
0.04246308557614529,14,0.023510349205313162,0
0.023510349205313162,13,0.012443097495988766,0
0.012443097495988766,13,0.008492335772719354,0
0.008492335772719354,7,0.007442729357859755,0
0.007442729357859755,15,0.005729301155591229,0
0.005729301155591229,11,0.005468064027566562,0
0.005468064027566562,9,0.005216181121052017,0
0.005216181121052017,12,0.004065743886767203,0
0.004065743886767203,7,0.0035219256516902824,0
0.0035219256516902824,10,0.0031485825552059104,0
0.0031485825552059104,14,0.002036622503628922,0
0.002036622503628922,17,0.0012497720837521204,0
0.0012497720837521204,18,0.000595858409041087,0
0.000595858409041087,10,0.0003582865483841843,0
0.0003582865483841843,10,0.00031175206010882194,0
0.00031175206010882194,16,0.00018439950450199752,0
0.00018439950450199752,6,0.0001499889843446757,0
0.0001499889843446757,16,0.00010820522810103989,0
0.00010820522810103989,10,7.382241196585653e-05,0
7.382241196585653e-05,3,6.935643416267583e-05,0
6.935643416267583e-05,2,6.848193953266685e-05,0
6.848193953266685e-05,16,3.72173381529143e-05,0
3.72173381529143e-05,2,3.317592046533426e-05,0
3.317592046533426e-05,6,2.1278933587584086e-05,0
2.1278933587584086e-05,7,1.7665400554265423e-05,0
1.7665400554265423e-05,4,1.6914826480373107e-05,0
1.6914826480373107e-05,6,1.4915913381951679e-05,0
1.4915913381951679e-05,15,5.337294074982257e-06,0
5.337294074982257e-06,1,4.896585261131935e-06,0
4.896585261131935e-06,16,1.3185281239766544e-06,0
1.3185281239766544e-06,17,6.504961338902973e-07,1
14.762265870427472,6,3.7540736271222532,0
3.7540736271222532,1,3.528477354757437,0
3.528477354757437,3,2.8463078876215233,0
2.8463078876215233,8,1.7162008837180796,0
1.7162008837180796,2,1.6673359810350439,0
1.6673359810350439,14,1.3659335057128232,0
1.3659335057128232,4,1.3464192263273165,0
1.3464192263273165,6,1.3186585390783139,0
1.3186585390783139,8,1.2794841433798034,0
1.2794841433798034,8,1.2492615735816077,0
1.2492615735816077,1,1.246279848384562,0
1.246279848384562,3,1.23951063921711,0
1.23951063921711,17,1.1765588521234587,0
1.1765588521234587,1,1.1753242041512488,0
1.1753242041512488,10,1.1395852036455465,0
1.1395852036455465,10,1.1082811998680249,0
1.1082811998680249,7,1.0854898622612712,0
1.0854898622612712,9,1.0497239793928277,0
1.0497239793928277,15,0.9183844451085749,0
0.9183844451085749,16,0.7264741663437017,0
0.7264741663437017,5,0.6499695818475985,0
0.6499695818475985,7,0.6019579177650237,0
0.6019579177650237,5,0.5627681357755095,0
0.5627681357755095,10,0.32813972216899145,0
0.32813972216899145,13,0.17668526268011953,0
0.17668526268011953,5,0.17007736591737765,0
0.17007736591737765,7,0.13535433154340634,0
0.13535433154340634,18,0.0385674371035912,0
0.0385674371035912,1,0.035092348162885305,0
0.035092348162885305,9,0.017011706572473934,0
0.017011706572473934,14,0.01241215148880174,0
0.01241215148880174,3,0.010946496398745625,0
0.010946496398745625,1,0.01070197546713691,0
0.01070197546713691,3,0.010433619764526603,0
0.010433619764526603,18,0.0026392387581549532,0
0.0026392387581549532,1,0.002441608700155634,0
0.002441608700155634,4,0.0017887169016713564,0
0.0017887169016713564,1,0.0017149031090462885,0
0.0017149031090462885,3,0.0015600329712319033,0
0.0015600329712319033,12,0.001118019326281265,0
0.001118019326281265,5,0.0010810490480041158,0
0.0010810490480041158,11,0.0007622517648123046,0
0.0007622517648123046,12,0.0003175503299605869,0
0.0003175503299605869,17,0.00025588982897325986,0
0.00025588982897325986,1,0.000253018306467129,0
0.000253018306467129,17,8.938593023476355e-05,0
8.938593023476355e-05,12,5.9053314612180944e-05,0
5.9053314612180944e-05,4,5.6859218147524464e-05,0
5.6859218147524464e-05,15,3.583136407123211e-05,0
3.583136407123211e-05,17,1.4043522359352554e-05,0
1.4043522359352554e-05,5,1.1628665762854068e-05,0
1.1628665762854068e-05,18,9.610094885586567e-06,0
9.610094885586567e-06,9,6.500511772237698e-06,0
6.500511772237698e-06,12,5.126773472994374e-06,0
5.126773472994374e-06,19,5.309670116548792e-07,1
14.360650858973335,7,4.530442988472306,0
4.530442988472306,16,2.3227456773457824,0
2.3227456773457824,12,1.6864981053615224,0
1.6864981053615224,15,1.2239473732284984,0
1.2239473732284984,16,1.0268077167656013,0
1.0268077167656013,5,1.0008042690577754,0
1.0008042690577754,18,0.8805726045213996,0
0.8805726045213996,9,0.8148392172455728,0
0.8148392172455728,13,0.734608085095275,0
0.734608085095275,1,0.7295007940493471,0
0.7295007940493471,19,0.5643069483592025,0
0.5643069483592025,6,0.5057445914234265,0
0.5057445914234265,2,0.4961717831147019,0
0.4961717831147019,9,0.46050928514384243,0
0.46050928514384243,3,0.4534344991043033,0
0.4534344991043033,3,0.4495391447969833,0
0.4495391447969833,13,0.2951440666965475,0
0.2951440666965475,8,0.2166252870926951,0
0.2166252870926951,18,0.14427191611135567,0
0.14427191611135567,7,0.11074309197360754,0
0.11074309197360754,14,0.09079320802466484,0
0.09079320802466484,9,0.08238885249361586,0
0.08238885249361586,13,0.051273227518425016,0
0.051273227518425016,12,0.03239860452653018,0
0.03239860452653018,9,0.029498468397832853,0
0.029498468397832853,19,0.012346145105951223,0
0.012346145105951223,7,0.007600031762400583,0
0.007600031762400583,4,0.006659794465760443,0
0.006659794465760443,13,0.005648676781546575,0
0.005648676781546575,17,0.004606378831765371,0
0.004606378831765371,1,0.004549813951107777,0
0.004549813951107777,9,0.0038242698444115758,0
0.0038242698444115758,17,0.0021997987267387627,0
0.0021997987267387627,15,0.0012620974901393618,0
0.0012620974901393618,19,0.0007213099969775224,0
0.0007213099969775224,11,0.0005375765638804114,0
0.0005375765638804114,13,0.0003299317883251763,0
0.0003299317883251763,6,0.00026642889705820965,0
0.00026642889705820965,19,0.00015842207109285613,0
0.00015842207109285613,7,0.0001355335142116215,0
0.0001355335142116215,15,0.00012055417176141417,0
0.00012055417176141417,8,0.00011543243226712738,0
0.00011543243226712738,11,0.00010892925923991061,0
0.00010892925923991061,14,9.581465227343767e-05,0
9.581465227343767e-05,10,8.576619518030333e-05,0
8.576619518030333e-05,18,3.7642151773865465e-05,0
3.7642151773865465e-05,8,1.97562226660533e-05,0
1.97562226660533e-05,13,1.6083263832454275e-05,0
1.6083263832454275e-05,7,1.5749983659691052e-05,0
1.5749983659691052e-05,8,1.531843006913101e-05,0
1.531843006913101e-05,9,1.4806161858432614e-05,0
1.4806161858432614e-05,3,1.4644556929338282e-05,0
1.4644556929338282e-05,2,1.4596659369133799e-05,0
1.4596659369133799e-05,13,8.10593269557559e-06,0
8.10593269557559e-06,13,4.92411239241601e-06,0
4.92411239241601e-06,13,3.839597607691133e-06,0
3.839597607691133e-06,1,3.7709602296467995e-06,0
3.7709602296467995e-06,7,3.4440580528149834e-06,0
3.4440580528149834e-06,4,3.375167663081325e-06,0
3.375167663081325e-06,15,1.7873832144215123e-06,0
1.7873832144215123e-06,17,1.3289631186690783e-06,0
1.3289631186690783e-06,5,1.3032314140923843e-06,0
1.3032314140923843e-06,13,1.125452743777935e-06,0
1.125452743777935e-06,3,1.0940153303398042e-06,0
1.0940153303398042e-06,6,1.0126304554009624e-06,0
1.0126304554009624e-06,3,9.928351603239536e-07,1
14.329470143651369,17,1.9592983586489818,0
1.9592983586489818,15,1.5246216239730377,0
1.5246216239730377,16,1.3034320787550044,0
1.3034320787550044,10,1.1820918796347908,0
1.1820918796347908,19,0.8974837832592149,0
0.8974837832592149,1,0.8864907633812867,0
0.8864907633812867,8,0.81204736524956,0
0.81204736524956,7,0.7783170051082284,0
0.7783170051082284,19,0.6386537170717147,0
0.6386537170717147,11,0.6225576675158686,0
0.6225576675158686,16,0.5890720762161146,0
0.5890720762161146,4,0.5834135865564098,0
0.5834135865564098,19,0.5156517131148676,0
0.5156517131148676,10,0.4865773523257843,0
0.4865773523257843,10,0.46438713647602115,0
0.46438713647602115,19,0.26855141663494664,0
0.26855141663494664,8,0.1693180343614681,0
0.1693180343614681,8,0.1616314418116891,0
0.1616314418116891,12,0.13940156680155621,0
0.13940156680155621,3,0.13165419814485377,0
0.13165419814485377,7,0.12398873217968315,0
0.12398873217968315,4,0.12088720492688695,0
0.12088720492688695,2,0.11994340448897899,0
0.11994340448897899,17,0.07182709105005687,0
0.07182709105005687,12,0.05661611778436188,0
0.05661611778436188,7,0.0534191990797808,0
0.0534191990797808,8,0.051681041884476336,0
0.051681041884476336,9,0.04980016160948844,0
0.04980016160948844,13,0.03924782352479054,0
0.03924782352479054,18,0.026873025564556747,0
0.026873025564556747,18,0.021953293145348135,0
0.021953293145348135,8,0.019260947088721503,0
0.019260947088721503,7,0.0179668556769738,0
0.0179668556769738,9,0.01587108586286279,0
0.01587108586286279,11,0.013982677911071738,0
0.013982677911071738,9,0.013000869484957347,0
0.013000869484957347,13,0.01198284232458098,0
0.01198284232458098,11,0.01117349763596021,0
0.01117349763596021,7,0.010753733490025012,0
0.010753733490025012,7,0.01047126717266436,0
0.01047126717266436,8,0.010063570925490616,0
0.010063570925490616,2,0.00995132073978927,0
0.00995132073978927,4,0.009825997952568838,0
0.009825997952568838,14,0.001983598301607497,0
0.001983598301607497,8,0.0005817117671567218,0
0.0005817117671567218,5,0.00045766191390341724,0
0.00045766191390341724,11,0.0004160748057770724,0
0.0004160748057770724,15,0.00012796428945373883,0
0.00012796428945373883,5,5.874411588501967e-05,0
5.874411588501967e-05,16,4.147429462671405e-05,0
4.147429462671405e-05,18,2.683545643161147e-05,0
2.683545643161147e-05,12,1.9210480683321272e-05,0
1.9210480683321272e-05,13,1.5393360509091465e-05,0
1.5393360509091465e-05,1,1.5263023372784972e-05,0
1.5263023372784972e-05,18,1.1277886710839186e-05,0
1.1277886710839186e-05,8,9.865646041675754e-06,0
9.865646041675754e-06,18,8.580096419861508e-06,0
8.580096419861508e-06,12,6.6255743279121955e-06,0
6.6255743279121955e-06,1,6.53816011488578e-06,0
6.53816011488578e-06,1,6.49499166526603e-06,0
6.49499166526603e-06,13,5.832014140102004e-06,0
5.832014140102004e-06,11,5.2512750741672086e-06,0
5.2512750741672086e-06,1,5.19663379940446e-06,0
5.19663379940446e-06,15,4.466400746395523e-06,0
4.466400746395523e-06,17,3.831064623853395e-06,0
3.831064623853395e-06,10,3.5943308379581167e-06,0
3.5943308379581167e-06,9,3.4300188332993734e-06,0
3.4300188332993734e-06,1,3.4137550668929956e-06,0
3.4137550668929956e-06,15,2.775874270200809e-06,0
2.775874270200809e-06,7,2.3768099962063793e-06,0
2.3768099962063793e-06,17,1.7383404992541294e-06,0
1.7383404992541294e-06,8,1.3970569712973541e-06,0
1.3970569712973541e-06,11,1.300911935904784e-06,0
1.300911935904784e-06,6,1.2691576414316825e-06,0
1.2691576414316825e-06,4,1.2517991480504636e-06,0
1.2517991480504636e-06,15,3.4723174189364785e-07,1
15.264351394164182,14,2.5514084173865337,0
2.5514084173865337,2,2.4043305093711895,0
2.4043305093711895,10,1.7025068283337388,0
1.7025068283337388,15,1.242238658945422,0
1.242238658945422,15,1.0581696225435109,0
1.0581696225435109,16,0.9485822361614257,0
0.9485822361614257,9,0.9069715699062898,0
0.9069715699062898,16,0.7741622345990204,0
0.7741622345990204,5,0.730142509192711,0
0.730142509192711,7,0.7036029421653731,0
0.7036029421653731,4,0.6923667474871027,0
0.6923667474871027,9,0.6097079216683955,0
0.6097079216683955,8,0.5579963258417148,0
0.5579963258417148,5,0.5466149294586001,0
0.5466149294586001,15,0.3660039621039735,0
0.3660039621039735,6,0.32430772647439127,0
0.32430772647439127,6,0.29779594360639855,0
0.29779594360639855,3,0.28949640988007674,0
0.28949640988007674,9,0.16876076900232334,0
0.16876076900232334,6,0.12985112523386697,0
0.12985112523386697,8,0.11498853048547038,0
0.11498853048547038,5,0.11059625091214574,0
0.11059625091214574,15,0.06958490120560909,0
0.06958490120560909,18,0.032637188874292226,0
0.032637188874292226,10,0.02912391756000001,0
0.02912391756000001,13,0.02424246089847731,0
0.02424246089847731,17,0.01758650501943109,0
0.01758650501943109,19,0.014649375461454471,0
0.014649375461454471,12,0.011820775830055906,0
0.011820775830055906,17,0.009943931316435197,0
0.009943931316435197,18,0.00803227535931782,0
0.00803227535931782,16,0.006303810356745429,0
0.006303810356745429,9,0.005963021198329435,0
0.005963021198329435,2,0.005928732526099585,0
0.005928732526099585,1,0.005917002718525183,0
0.005917002718525183,10,0.005010937056954956,0
0.005010937056954956,10,0.0043359463657871205,0
0.0043359463657871205,8,0.004158533827426319,0
0.004158533827426319,11,0.0037780100615116582,0
0.0037780100615116582,11,0.0035028591715368386,0
0.0035028591715368386,16,0.0013114901336265415,0
0.0013114901336265415,3,0.0007517543898069567,0
0.0007517543898069567,5,0.0005464221551056792,0
0.0005464221551056792,16,0.00047648203848218355,0
0.00047648203848218355,17,0.0003765117849025419,0
0.0003765117849025419,19,0.0003128692771503208,0
0.0003128692771503208,17,0.0002737126944628308,0
0.0002737126944628308,17,0.0002365241683294396,0
0.0002365241683294396,6,0.00022833608135017873,0
0.00022833608135017873,8,0.00022160595007941446,0
0.00022160595007941446,6,0.00021625745249759603,0
0.00021625745249759603,12,0.0001750275548020108,0
0.0001750275548020108,18,0.00011884386115436922,0
0.00011884386115436922,7,0.00010323561489342887,0
0.00010323561489342887,11,9.326289807423758e-05,0
9.326289807423758e-05,6,9.05323643853032e-05,0
9.05323643853032e-05,4,8.93914119847714e-05,0
8.93914119847714e-05,4,8.864431171269071e-05,0
8.864431171269071e-05,2,8.830403611963776e-05,0
8.830403611963776e-05,19,4.8608593148626505e-06,0
4.8608593148626505e-06,8,2.3384976871116808e-06,0
2.3384976871116808e-06,16,8.226745840318864e-07,1
13.894388952947931,11,3.120376627461052,0
3.120376627461052,12,2.3728288525128005,0
2.3728288525128005,12,2.06037308693921,0
2.06037308693921,12,1.8673773131341038,0
1.8673773131341038,3,1.8305302738743872,0
1.8305302738743872,14,1.564698363501664,0
1.564698363501664,13,1.4165667444977714,0
1.4165667444977714,13,1.3203337130275767,0
1.3203337130275767,2,1.3051322891058605,0
1.3051322891058605,9,1.2516776435765988,0
1.2516776435765988,8,1.212210600849805,0
1.212210600849805,2,1.2056729366565573,0
1.2056729366565573,5,1.1813487538931289,0
1.1813487538931289,9,1.1418468876092152,0
1.1418468876092152,15,1.03438473786812,0
1.03438473786812,5,0.9835534837080067,0
0.9835534837080067,16,0.8963002544261622,0
0.8963002544261622,11,0.834051847394914,0
0.834051847394914,15,0.6597175539842786,0
0.6597175539842786,9,0.5393307125922,0
0.5393307125922,10,0.5091794330224485,0
0.5091794330224485,12,0.47598418320719504,0
0.47598418320719504,18,0.36546426739550464,0
0.36546426739550464,10,0.2877045033913143,0
0.2877045033913143,11,0.275546309442722,0
0.275546309442722,12,0.26187890211005216,0
0.26187890211005216,15,0.2357415621413605,0
0.2357415621413605,2,0.2300097294730193,0
0.2300097294730193,10,0.21720298311758585,0
0.21720298311758585,10,0.20361740657242752,0
0.20361740657242752,18,0.1605250268540997,0
0.1605250268540997,10,0.13450277545496186,0
0.13450277545496186,9,0.13011346791842943,0
0.13011346791842943,19,0.08740508551213265,0
0.08740508551213265,9,0.0631911581243211,0
0.0631911581243211,4,0.06127788759234375,0
0.06127788759234375,5,0.059849572590827724,0
0.059849572590827724,2,0.059394832005587955,0
0.059394832005587955,1,0.05933744560390732,0
0.05933744560390732,9,0.05561002589709757,0
0.05561002589709757,15,0.051831052260996484,0
0.051831052260996484,14,0.04746647558007566,0
0.04746647558007566,1,0.047301599148291594,0
0.047301599148291594,11,0.044181677538454076,0
0.044181677538454076,3,0.04401092907218711,0
0.04401092907218711,18,0.02190209587775308,0
0.02190209587775308,4,0.01531931050501881,0
0.01531931050501881,12,0.011249692477508818,0
0.011249692477508818,7,0.011027305387701357,0
0.011027305387701357,13,0.00844104667977963,0
0.00844104667977963,8,0.006628146497200185,0
0.006628146497200185,15,0.0061377067018198,0
0.0061377067018198,5,0.005994636724155399,0
0.005994636724155399,18,0.004973396067303026,0
0.004973396067303026,10,0.004251368986055699,0
0.004251368986055699,15,0.003818040462277395,0
0.003818040462277395,17,0.003416909848847894,0
0.003416909848847894,19,0.002498728642693201,0
0.002498728642693201,5,0.0020779459877047534,0
0.0020779459877047534,6,0.0019443678694425512,0
0.0019443678694425512,5,0.0019074694174215526,0
0.0019074694174215526,5,0.0018850613309530514,0
0.0018850613309530514,12,0.001734191645290803,0
0.001734191645290803,19,0.00135626247487207,0
0.00135626247487207,19,0.0011067329617063244,0
0.0011067329617063244,11,0.0010376335881076286,0
0.0010376335881076286,13,0.000978545195408768,0
0.000978545195408768,17,0.0008802780270154034,0
0.0008802780270154034,18,0.0008008350467905367,0
0.0008008350467905367,4,0.0007914796195592293,0
0.0007914796195592293,11,0.0007400325131613181,0
0.0007400325131613181,16,0.0006870557462576524,0
0.0006870557462576524,6,0.0006717846600071176,0
0.0006717846600071176,9,0.0006526956853267008,0
0.0006526956853267008,19,0.00018922396324293157,0
0.00018922396324293157,19,5.6345462247430955e-05,0
5.6345462247430955e-05,18,5.050265414290191e-05,0
5.050265414290191e-05,16,4.717926643152695e-05,0
4.717926643152695e-05,6,4.5975537845533484e-05,0
4.5975537845533484e-05,7,4.5046562809954926e-05,0
4.5046562809954926e-05,11,4.206819083144193e-05,0
4.206819083144193e-05,11,3.9467406602921756e-05,0
3.9467406602921756e-05,10,3.772466511921951e-05,0
3.772466511921951e-05,13,3.460873375120704e-05,0
3.460873375120704e-05,8,3.305766647647391e-05,0
3.305766647647391e-05,15,2.5130636811537728e-05,0
2.5130636811537728e-05,7,2.015876068815848e-05,0
2.015876068815848e-05,7,1.910572751463461e-05,0
1.910572751463461e-05,3,1.8983579096325642e-05,0
1.8983579096325642e-05,4,1.884175987994747e-05,0
1.884175987994747e-05,17,5.095537899451176e-06,0
5.095537899451176e-06,9,1.7166287606783766e-06,0
1.7166287606783766e-06,5,1.5711357391660356e-06,0
1.5711357391660356e-06,15,1.3827502104195559e-06,0
1.3827502104195559e-06,11,1.27202282526927e-06,0
1.27202282526927e-06,1,1.2630050106943402e-06,0
1.2630050106943402e-06,7,1.184686044772425e-06,0
1.184686044772425e-06,4,1.1749873252009292e-06,0
1.1749873252009292e-06,13,1.0155793006234833e-06,0
1.0155793006234833e-06,6,9.337563495099776e-07,1
14.045744219139378,5,4.715949434216415,0
4.715949434216415,15,3.4539398435086603,0
3.4539398435086603,3,3.4105337535617544,0
3.4105337535617544,16,3.0524966640420454,0
3.0524966640420454,18,2.8049875362762036,0
2.8049875362762036,12,2.689739788452628,0
2.689739788452628,14,2.5882145066808726,0
2.5882145066808726,14,2.509000399212179,0
2.509000399212179,19,2.3371054105181757,0
2.3371054105181757,7,2.2782888530638368,0
2.2782888530638368,4,2.265916444523472,0
2.265916444523472,10,2.186067208098331,0
2.186067208098331,11,2.1078944168242044,0
2.1078944168242044,4,2.097518665042181,0
2.097518665042181,12,1.9712968568251563,0
1.9712968568251563,1,1.961491447005132,0
1.961491447005132,18,1.7142045087502935,0
1.7142045087502935,6,1.6251235369146726,0
1.6251235369146726,1,1.6200710071619595,0
1.6200710071619595,3,1.6022786404902754,0
1.6022786404902754,5,1.5793480913449531,0
1.5793480913449531,6,1.5565081147480924,0
1.5565081147480924,1,1.5528450502650373,0
1.5528450502650373,6,1.5376337716095012,0
1.5376337716095012,4,1.5279658674529628,0
1.5279658674529628,8,1.1665896417281914,0
1.1665896417281914,8,0.917899782314977,0
0.917899782314977,7,0.890173687758349,0
0.890173687758349,7,0.8755666963107317,0
0.8755666963107317,2,0.871973760331147,0
0.871973760331147,1,0.8713848655473146,0
0.8713848655473146,4,0.8628259856084447,0
0.8628259856084447,15,0.20827628535235024,0
0.20827628535235024,19,0.05871065692947099,0
0.05871065692947099,18,0.05418733090447664,0
0.05418733090447664,10,0.052947266009521245,0
0.052947266009521245,11,0.051620213514138945,0
0.051620213514138945,6,0.05105215517127818,0
0.05105215517127818,15,0.036937199610106546,0
0.036937199610106546,15,0.030849425144128743,0
0.030849425144128743,17,0.02607664945952033,0
0.02607664945952033,18,0.02135962755725126,0
0.02135962755725126,9,0.019669226924243312,0
0.019669226924243312,15,0.016952530511630315,0
0.016952530511630315,16,0.014202824851662877,0
0.014202824851662877,6,0.013807216233952454,0
0.013807216233952454,18,0.011358846699457711,0
0.011358846699457711,2,0.011109256393107746,0
0.011109256393107746,19,0.008696193492796217,0
0.008696193492796217,15,0.007758673044753204,0
0.007758673044753204,2,0.007703324367727619,0
0.007703324367727619,13,0.006923139293314793,0
0.006923139293314793,1,0.006894269522139573,0
0.006894269522139573,15,0.006255251525364338,0
0.006255251525364338,16,0.005483158795270292,0
0.005483158795270292,12,0.005019440590524936,0
0.005019440590524936,17,0.0031084554359931712,0
0.0031084554359931712,2,0.0029380649923851105,0
0.0029380649923851105,6,0.0021928990484797704,0
0.0021928990484797704,8,0.002018207615067224,0
0.002018207615067224,1,0.002015046784513275,0
0.002015046784513275,9,0.0019284445063582154,0
0.0019284445063582154,6,0.0018801827841020498,0
0.0018801827841020498,8,0.0018213814643413665,0
0.0018213814643413665,9,0.0017634946487057159,0
0.0017634946487057159,17,0.0012400197082042186,0
0.0012400197082042186,6,0.0009947455602608347,0
0.0009947455602608347,17,0.000871264494618375,0
0.000871264494618375,9,0.0008415797233642306,0
0.0008415797233642306,7,0.0008212677999339577,0
0.0008212677999339577,10,0.0007687150902654505,0
0.0007687150902654505,8,0.0007248573331429046,0
0.0007248573331429046,5,0.000717009417821943,0
0.000717009417821943,10,0.000650525319451436,0
0.000650525319451436,3,0.000622368885705457,0
0.000622368885705457,7,0.000599957429093489,0
0.000599957429093489,11,0.0005541630395165298,0
0.0005541630395165298,8,0.0005165552803982192,0
0.0005165552803982192,16,0.0003577575419004449,0
0.0003577575419004449,5,0.00029726647426060466,0
0.00029726647426060466,19,0.0002328948509965723,0
0.0002328948509965723,15,0.00020856068819311984,0
0.00020856068819311984,19,0.00016972096365108232,0
0.00016972096365108232,16,0.00014546313403519343,0
0.00014546313403519343,3,0.00014438339993728844,0
0.00014438339993728844,11,0.00013521575641177214,0
0.00013521575641177214,4,0.00013098617547541993,0
0.00013098617547541993,16,0.00011927942349915508,0
0.00011927942349915508,12,0.0001096381128739951,0
0.0001096381128739951,6,0.00010771287867786848,0
0.00010771287867786848,18,6.382293857644661e-05,0
6.382293857644661e-05,3,5.121890220808007e-05,0
5.121890220808007e-05,11,3.8472838901123264e-05,0
3.8472838901123264e-05,14,2.7870349993151203e-05,0
2.7870349993151203e-05,2,2.5816590665447036e-05,0
2.5816590665447036e-05,12,2.0540325198808718e-05,0
2.0540325198808718e-05,16,1.625782749933347e-05,0
1.625782749933347e-05,2,1.5371004373711885e-05,0
1.5371004373711885e-05,10,1.30516575007524e-05,0
1.30516575007524e-05,5,1.2892810093151774e-05,0
1.2892810093151774e-05,13,1.0949321501787027e-05,0
1.0949321501787027e-05,3,1.0424084263557975e-05,0
1.0424084263557975e-05,18,9.10122608553883e-06,0
9.10122608553883e-06,17,7.721975619875221e-06,0
7.721975619875221e-06,4,7.382585122095122e-06,0
7.382585122095122e-06,7,6.930365385752379e-06,0
6.930365385752379e-06,12,6.5976238295710155e-06,0
6.5976238295710155e-06,14,6.105291152274521e-06,0
6.105291152274521e-06,9,5.8459200152544755e-06,0
5.8459200152544755e-06,3,5.8172106527781404e-06,0
5.8172106527781404e-06,2,5.806800665424132e-06,0
5.806800665424132e-06,19,1.6834132589401704e-06,0
1.6834132589401704e-06,9,8.356068997672849e-07,1
15.212539847706465,8,3.334308592128576,0
3.334308592128576,11,2.334022067042467,0
2.334022067042467,10,2.035236433206748,0
2.035236433206748,3,1.9671626711136245,0
1.9671626711136245,5,1.8802484895633842,0
1.8802484895633842,11,1.5743391864142022,0
1.5743391864142022,2,1.5277611213072326,0
1.5277611213072326,18,0.8831986082649854,0
0.8831986082649854,3,0.8153754810159892,0
0.8153754810159892,4,0.7543854793069805,0
0.7543854793069805,15,0.5398562606063407,0
0.5398562606063407,2,0.5207470240531058,0
0.5207470240531058,18,0.4277505378523099,0
0.4277505378523099,14,0.3777922157552638,0
0.3777922157552638,2,0.3750557130985678,0
0.3750557130985678,14,0.33945167290378403,0
0.33945167290378403,13,0.31705173987048607,0
0.31705173987048607,15,0.2976096206075028,0
0.2976096206075028,16,0.28365380838112164,0
0.28365380838112164,14,0.27450947799048403,0
0.27450947799048403,12,0.2673293624485656,0
0.2673293624485656,7,0.2637439146932742,0
0.2637439146932742,14,0.2453845733684621,0
0.2453845733684621,19,0.22017957785792336,0
0.22017957785792336,12,0.20595703453217687,0
0.20595703453217687,13,0.1906320046881997,0
0.1906320046881997,9,0.17846974713524297,0
0.17846974713524297,15,0.1414115704985101,0
0.1414115704985101,19,0.10954376526859864,0
0.10954376526859864,4,0.10859101680957803,0
0.10859101680957803,4,0.10795029370325279,0
0.10795029370325279,11,0.09914113344265264,0
0.09914113344265264,10,0.09069566320658654,0
0.09069566320658654,11,0.08574899613677604,0
0.08574899613677604,1,0.08421987166274542,0
0.08421987166274542,8,0.08121234153293073,0
0.08121234153293073,12,0.0766439981245259,0
0.0766439981245259,12,0.07224676116638436,0
0.07224676116638436,13,0.0639684817556327,0
0.0639684817556327,14,0.05636708913459223,0
0.05636708913459223,13,0.05274387871559495,0
0.05274387871559495,16,0.04513929099980429,0
0.04513929099980429,12,0.04035431624465471,0
0.04035431624465471,11,0.038702855645568975,0
0.038702855645568975,12,0.03711343957022926,0
0.03711343957022926,2,0.03693804904547485,0
0.03693804904547485,6,0.03620386550400529,0
0.03620386550400529,11,0.034825385674883705,0
0.034825385674883705,17,0.022667529721801194,0
0.022667529721801194,13,0.015156181075247034,0
0.015156181075247034,2,0.015110037919771231,0
0.015110037919771231,12,0.012458762009820627,0
0.012458762009820627,5,0.010621584230643756,0
0.010621584230643756,14,0.009556665183457968,0
0.009556665183457968,16,0.008696238549559832,0
0.008696238549559832,12,0.008307583744012683,0
0.008307583744012683,12,0.007982631285082758,0
0.007982631285082758,7,0.007791279068971721,0
0.007791279068971721,9,0.007504258587520171,0
0.007504258587520171,17,0.0059724777493837524,0
0.0059724777493837524,14,0.0049012526175077585,0
0.0049012526175077585,10,0.004588234578166162,0
0.004588234578166162,7,0.004343382935685999,0
0.004343382935685999,1,0.0043361068857328,0
0.0043361068857328,3,0.004315000674400107,0
0.004315000674400107,4,0.004283613948641533,0
0.004283613948641533,8,0.0040695899720816445,0
0.0040695899720816445,18,0.002254129268521205,0
0.002254129268521205,10,0.0013407609306432034,0
0.0013407609306432034,5,0.0013192127383626474,0
0.0013192127383626474,3,0.0013130678637373826,0
0.0013130678637373826,7,0.0012599521072845495,0
0.0012599521072845495,16,0.0010672298322058963,0
0.0010672298322058963,8,0.0009545170850387161,0
0.0009545170850387161,15,0.0008804013652864616,0
0.0008804013652864616,16,0.000801164709987752,0
0.000801164709987752,3,0.0007950287341737587,0
0.0007950287341737587,12,0.0007506703492935312,0
0.0007506703492935312,19,0.0005669069221822403,0
0.0005669069221822403,8,0.0004632497881733105,0
0.0004632497881733105,1,0.0004605239731842141,0
0.0004605239731842141,18,0.00041272415668651077,0
0.00041272415668651077,17,0.0003684819903940685,0
0.0003684819903940685,10,0.00035434655234946674,0
0.00035434655234946674,11,0.000332479788331819,0
0.000332479788331819,5,0.00032288466294049206,0
0.00032288466294049206,16,0.0002652422131557966,0
0.0002652422131557966,10,0.00022544469123628766,0
0.00022544469123628766,1,0.00022453444839865526,0
0.00022453444839865526,13,0.00020983499866928992,0
0.00020983499866928992,19,0.00017542275081530555,0
0.00017542275081530555,16,0.00014947962221988678,0
0.00014947962221988678,6,0.00014737199803869507,0
0.00014737199803869507,2,0.00014687426810113734,0
0.00014687426810113734,18,9.375839976755147e-05,0
9.375839976755147e-05,18,5.885738504165636e-05,0
5.885738504165636e-05,11,5.45210606995988e-05,0
5.45210606995988e-05,13,4.981001379624109e-05,0
4.981001379624109e-05,9,4.797859672719657e-05,0
4.797859672719657e-05,8,4.646411464675533e-05,0
4.646411464675533e-05,3,4.607076453218136e-05,0
4.607076453218136e-05,2,4.595135562931869e-05,0
4.595135562931869e-05,5,4.517321079618681e-05,0
4.517321079618681e-05,16,1.6762729436905067e-05,0
1.6762729436905067e-05,3,9.024527609783786e-06,0
9.024527609783786e-06,5,7.256412031544348e-06,0
7.256412031544348e-06,11,6.293132027766504e-06,0
6.293132027766504e-06,5,6.202066713675283e-06,0
6.202066713675283e-06,4,6.16353083564414e-06,0
6.16353083564414e-06,11,4.291357108366175e-06,0
4.291357108366175e-06,7,3.0850437555460454e-06,0
3.0850437555460454e-06,12,2.9166568867469747e-06,0
2.9166568867469747e-06,18,2.4404787393950827e-06,0
2.4404787393950827e-06,3,2.30959227494945e-06,0
2.30959227494945e-06,18,1.961027042250145e-06,0
1.961027042250145e-06,18,1.7643250815076974e-06,0
1.7643250815076974e-06,16,1.6141303663360635e-06,0
1.6141303663360635e-06,12,1.5403130627736041e-06,0
1.5403130627736041e-06,12,1.4599239713796336e-06,0
1.4599239713796336e-06,13,1.3815264759328764e-06,0
1.3815264759328764e-06,14,1.2885374782475048e-06,0
1.2885374782475048e-06,1,1.2835931780720144e-06,0
1.2835931780720144e-06,19,1.0610322291685113e-06,0
1.0610322291685113e-06,12,9.083159628746879e-07,1
13.96006347813638,20,2.9718931495725576,0
2.9718931495725576,20,2.416086450715275,0
2.416086450715275,20,2.221493969736516,0
2.221493969736516,20,2.1213284561967782,0
2.1213284561967782,20,2.055471674751466,0
2.055471674751466,20,1.9953271036447777,0
1.9953271036447777,20,1.8928301809134889,0
1.8928301809134889,20,1.706303193349944,0
1.706303193349944,20,1.4669829859336971,0
1.4669829859336971,20,0.5416392546439057,0
0.5416392546439057,20,0.07692525208610695,0
0.07692525208610695,20,0.04676452244600289,0
0.04676452244600289,20,0.024594349832935715,0
0.024594349832935715,20,0.0027113783097964567,0
0.0027113783097964567,20,0.0008483998994784095,0
0.0008483998994784095,20,0.0006193932116385375,0
0.0006193932116385375,20,0.0005003909828271984,0
0.0005003909828271984,20,0.00035839096088435493,0
0.00035839096088435493,20,0.00025499556603633515,0
0.00025499556603633515,20,0.00017047157631328074,0
0.00017047157631328074,20,7.738359182236636e-05,0
7.738359182236636e-05,20,1.582725654870572e-05,0
1.582725654870572e-05,20,7.798318789057486e-06,0
7.798318789057486e-06,20,3.7220473856862876e-06,0
3.7220473856862876e-06,20,3.3742643325472098e-06,0
3.3742643325472098e-06,20,3.0503656745357435e-06,0
3.0503656745357435e-06,20,9.861899950568999e-07,1
14.326762360312916,20,1.8334724354708944,0
1.8334724354708944,20,1.2923211069702851,0
1.2923211069702851,20,1.0219955289191114,0
1.0219955289191114,20,0.8346838179949643,0
0.8346838179949643,20,0.7494807816594254,0
0.7494807816594254,20,0.6012631773223239,0
0.6012631773223239,20,0.3616369861659862,0
0.3616369861659862,20,0.23087173585020748,0
0.23087173585020748,20,0.2037372946777852,0
0.2037372946777852,20,0.1880490827136247,0
0.1880490827136247,20,0.14134227634675345,0
0.14134227634675345,20,0.049207813362509394,0
0.049207813362509394,20,0.013648047798784953,0
0.013648047798784953,20,0.009019750608986526,0
0.009019750608986526,20,0.0027123529137568175,0
0.0027123529137568175,20,0.0018931075371415031,0
0.0018931075371415031,20,0.0010164733057960226,0
0.0010164733057960226,20,0.0003206776892622618,0
0.0003206776892622618,20,0.0002150526736887586,0
0.0002150526736887586,20,0.0001064681963096356,0
0.0001064681963096356,20,3.9130266468039535e-05,0
3.9130266468039535e-05,20,2.972854688139752e-05,0
2.972854688139752e-05,20,1.0035233635382526e-05,0
1.0035233635382526e-05,20,1.6505592227616597e-06,0
1.6505592227616597e-06,20,9.772253875736298e-07,1
14.448841672492577,20,1.9995382764298837,0
1.9995382764298837,20,1.52688082878352,0
1.52688082878352,20,1.3385410127132238,0
1.3385410127132238,20,1.2344402406127184,0
1.2344402406127184,20,1.1334058561992153,0
1.1334058561992153,20,0.695689730532323,0
0.695689730532323,20,0.23268731128772205,0
0.23268731128772205,20,0.12815369816807437,0
0.12815369816807437,20,0.08685357758389517,0
0.08685357758389517,20,0.0694972449212299,0
0.0694972449212299,20,0.0627756049885832,0
0.0627756049885832,20,0.03810236312355035,0
0.03810236312355035,20,0.007220692035555551,0
0.007220692035555551,20,0.003450715765108202,0
0.003450715765108202,20,0.003032108553509528,0
0.003032108553509528,20,0.002181614223069432,0
0.002181614223069432,20,0.00028434309440027487,0
0.00028434309440027487,20,3.379109042631928e-05,0
3.379109042631928e-05,20,9.346063093461892e-06,0
9.346063093461892e-06,20,8.276602991116542e-06,0
8.276602991116542e-06,20,4.190543721210995e-06,0
4.190543721210995e-06,20,6.02459862346216e-07,1
13.481442073934494,20,2.1573837324258105,0
2.1573837324258105,20,1.4915479419873134,0
1.4915479419873134,20,1.1995511962770289,0
1.1995511962770289,20,1.0196936844212094,0
1.0196936844212094,20,0.9090509189618746,0
0.9090509189618746,20,0.8250231682375221,0
0.8250231682375221,20,0.7669370441279247,0
0.7669370441279247,20,0.7259744189020628,0
0.7259744189020628,20,0.691902004179621,0
0.691902004179621,20,0.651048767757136,0
0.651048767757136,20,0.6090517630196626,0
0.6090517630196626,20,0.5475636962997518,0
0.5475636962997518,20,0.497107741121431,0
0.497107741121431,20,0.4154632485433714,0
0.4154632485433714,20,0.35679376923150075,0
0.35679376923150075,20,0.24478526467792966,0
0.24478526467792966,20,0.17782258659108258,0
0.17782258659108258,20,0.05732282068627516,0
0.05732282068627516,20,0.020579448208353085,0
0.020579448208353085,20,0.01407850071060624,0
0.01407850071060624,20,0.00883702613418685,0
0.00883702613418685,20,0.007457583548536008,0
0.007457583548536008,20,0.006218854859720014,0
0.006218854859720014,20,0.005192603328523814,0
0.005192603328523814,20,0.004408079481504464,0
0.004408079481504464,20,0.0036152265024426765,0
0.0036152265024426765,20,0.0030560529516316815,0
0.0030560529516316815,20,0.002436934312508206,0
0.002436934312508206,20,0.0019699401801410023,0
0.0019699401801410023,20,0.0014783682909944994,0
0.0014783682909944994,20,0.0011836863363585077,0
0.0011836863363585077,20,0.0008142693616120189,0
0.0008142693616120189,20,0.0005951337103037613,0
0.0005951337103037613,20,0.0003490206295359778,0
0.0003490206295359778,20,0.00023248910981396183,0
0.00023248910981396183,20,5.9199757580401935e-05,0
5.9199757580401935e-05,20,9.302526050782314e-06,0
9.302526050782314e-06,20,7.77676294100669e-06,0
7.77676294100669e-06,20,6.113924060179422e-06,0
6.113924060179422e-06,20,5.025139706180662e-06,0
5.025139706180662e-06,20,3.997261084873248e-06,0
3.997261084873248e-06,20,3.1061239741898003e-06,0
3.1061239741898003e-06,20,2.5634426419413288e-06,0
2.5634426419413288e-06,20,2.006990182610716e-06,0
2.006990182610716e-06,20,1.6747192575255997e-06,0
1.6747192575255997e-06,20,1.3111944618812088e-06,0
1.3111944618812088e-06,20,1.0656586734747526e-06,0
1.0656586734747526e-06,20,7.873957074476977e-07,1
13.981849715108025,20,3.314791631920481,0
3.314791631920481,20,2.4873069213520522,0
2.4873069213520522,20,1.8732333993609394,0
1.8732333993609394,20,1.5704885979522172,0
1.5704885979522172,20,1.3933646691633421,0
1.3933646691633421,20,1.2544384637881572,0
1.2544384637881572,20,1.076108806361508,0
1.076108806361508,20,0.901281327764671,0
0.901281327764671,20,0.72861635184106,0
0.72861635184106,20,0.5827748812757135,0
0.5827748812757135,20,0.46147270115700606,0
0.46147270115700606,20,0.3509307304220163,0
0.3509307304220163,20,0.2781735525466082,0
0.2781735525466082,20,0.2057776262957502,0
0.2057776262957502,20,0.16307281446523234,0
0.16307281446523234,20,0.11352698299600053,0
0.11352698299600053,20,0.08413004580989046,0
0.08413004580989046,20,0.05160461529144995,0
0.05160461529144995,20,0.032641198688057815,0
0.032641198688057815,20,0.022909056611513837,0
0.022909056611513837,20,0.015547632504073995,0
0.015547632504073995,20,0.0097922542589506,0
0.0097922542589506,20,0.00596756615628591,0
0.00596756615628591,20,0.0024326377262177995,0
0.0024326377262177995,20,0.0009584490560366276,0
0.0009584490560366276,20,0.000748382184432128,0
0.000748382184432128,20,0.0005607694190999513,0
0.0005607694190999513,20,0.00038133515256318876,0
0.00038133515256318876,20,0.00025160856238419814,0
0.00025160856238419814,20,0.0001523764752798361,0
0.0001523764752798361,20,8.910242095775195e-05,0
8.910242095775195e-05,20,7.362277403026689e-05,0
7.362277403026689e-05,20,5.669969666076602e-05,0
5.669969666076602e-05,20,4.889615236253261e-05,0
4.889615236253261e-05,20,3.8138649866015045e-05,0
3.8138649866015045e-05,20,3.189054352786066e-05,0
3.189054352786066e-05,20,2.161403812443329e-05,0
2.161403812443329e-05,20,1.571100572746784e-05,0
1.571100572746784e-05,20,1.0220870549993406e-05,0
1.0220870549993406e-05,20,6.824897182159101e-06,0
6.824897182159101e-06,20,4.60723328549948e-06,0
4.60723328549948e-06,20,3.004651857484543e-06,0
3.004651857484543e-06,20,2.03836977121448e-06,0
2.03836977121448e-06,20,1.3336091484687982e-06,0
1.3336091484687982e-06,20,8.882530078054726e-07,1
13.629403421080704,20,2.0211718505340444,0
2.0211718505340444,20,1.7525463355654838,0
1.7525463355654838,20,1.6187319868328156,0
1.6187319868328156,20,1.50934159674867,0
1.50934159674867,20,1.3258252904526584,0
1.3258252904526584,20,1.1813306234555827,0
1.1813306234555827,20,1.001123478133118,0
1.001123478133118,20,0.8677376935588318,0
0.8677376935588318,20,0.7379494213813348,0
0.7379494213813348,20,0.6057572738694994,0
0.6057572738694994,20,0.5313320912714288,0
0.5313320912714288,20,0.4428228530232894,0
0.4428228530232894,20,0.3909497014609053,0
0.3909497014609053,20,0.3205607183078034,0
0.3205607183078034,20,0.27470990511824295,0
0.27470990511824295,20,0.21076086951891224,0
0.21076086951891224,20,0.16608401581362936,0
0.16608401581362936,20,0.1289963119142486,0
0.1289963119142486,20,0.09762279735801252,0
0.09762279735801252,20,0.07927876366868673,0
0.07927876366868673,20,0.061910345302383325,0
0.061910345302383325,20,0.051458946212648925,0
0.051458946212648925,20,0.04085482640631054,0
0.04085482640631054,20,0.03378482597664522,0
0.03378482597664522,20,0.02660078638773038,0
0.02660078638773038,20,0.021898036726273936,0
0.021898036726273936,20,0.017021485149687085,0
0.017021485149687085,20,0.013697965450296163,0
0.013697965450296163,20,0.01039371247120618,0
0.01039371247120618,20,0.008040864005038163,0
0.008040864005038163,20,0.0059193704818369525,0
0.0059193704818369525,20,0.004441899859794894,0
0.004441899859794894,20,0.003031855795126885,0
0.003031855795126885,20,0.0021545472376435265,0
0.0021545472376435265,20,0.0010449591950659103,0
0.0010449591950659103,20,0.0005690856182332033,0
0.0005690856182332033,20,0.00019097526807767453,0
0.00019097526807767453,20,5.1291767309256614e-05,0
5.1291767309256614e-05,20,3.219544564901859e-05,0
3.219544564901859e-05,20,1.9306733150569532e-05,0
1.9306733150569532e-05,20,6.238988571838219e-06,0
6.238988571838219e-06,20,2.0033630556181122e-06,0
2.0033630556181122e-06,20,6.727389132818126e-07,1
13.835294116180929,20,1.5170523179454627,0
1.5170523179454627,20,0.6445897016066157,0
0.6445897016066157,20,0.4376731722684262,0
0.4376731722684262,20,0.35057069473713487,0
0.35057069473713487,20,0.28500237205720036,0
0.28500237205720036,20,0.2307165662620341,0
0.2307165662620341,20,0.1802592608689368,0
0.1802592608689368,20,0.1411355087997382,0
0.1411355087997382,20,0.10967918729857297,0
0.10967918729857297,20,0.08537411922862757,0
0.08537411922862757,20,0.06814163152080523,0
0.06814163152080523,20,0.055127299319270164,0
0.055127299319270164,20,0.0468967633412362,0
0.0468967633412362,20,0.041061440539716915,0
0.041061440539716915,20,0.03755799579166841,0
0.03755799579166841,20,0.035039282208037766,0
0.035039282208037766,20,0.03321040689900315,0
0.03321040689900315,20,0.03154469262356437,0
0.03154469262356437,20,0.02986036720428194,0
0.02986036720428194,20,0.028098141639049536,0
0.028098141639049536,20,0.02620719624424484,0
0.02620719624424484,20,0.024253795042144328,0
0.024253795042144328,20,0.0222619521373426,0
0.0222619521373426,20,0.02023245353837464,0
0.02023245353837464,20,0.018313557541746614,0
0.018313557541746614,20,0.016394173776765053,0
0.016394173776765053,20,0.014739274042542593,0
0.014739274042542593,20,0.013105889879919222,0
0.013105889879919222,20,0.011776211610782005,0
0.011776211610782005,20,0.010384659096591682,0
0.010384659096591682,20,0.009263141014558763,0
0.009263141014558763,20,0.008041136156362233,0
0.008041136156362233,20,0.007063742125925579,0
0.007063742125925579,20,0.005981178977001269,0
0.005981178977001269,20,0.005126917224001501,0
0.005126917224001501,20,0.004160345997397619,0
0.004160345997397619,20,0.003420039780775141,0
0.003420039780775141,20,0.002607618527456308,0
0.002607618527456308,20,0.002012644158757335,0
0.002012644158757335,20,0.0014615373397083573,0
0.0014615373397083573,20,0.0010651193903735891,0
0.0010651193903735891,20,0.0008144313016131361,0
0.0008144313016131361,20,0.0006167362167494728,0
0.0006167362167494728,20,0.0004856484493939414,0
0.0004856484493939414,20,0.0003783590269533023,0
0.0003783590269533023,20,0.0003025818536652842,0
0.0003025818536652842,20,0.0002395431824526457,0
0.0002395431824526457,20,0.00019352975397252993,0
0.00019352975397252993,20,0.00015485205295251778,0
0.00015485205295251778,20,0.00012291728812861586,0
0.00012291728812861586,20,9.668443846210511e-05,0
9.668443846210511e-05,20,7.469230700384526e-05,0
7.469230700384526e-05,20,5.733903327616483e-05,0
5.733903327616483e-05,20,4.244642785713264e-05,0
4.244642785713264e-05,20,3.149040079560804e-05,0
3.149040079560804e-05,20,2.2678982947022668e-05,0
2.2678982947022668e-05,20,1.658480646152968e-05,0
1.658480646152968e-05,20,1.1588447707484699e-05,0
1.1588447707484699e-05,20,8.189074733406322e-06,0
8.189074733406322e-06,20,5.59963934376751e-06,0
5.59963934376751e-06,20,3.845459288585844e-06,0
3.845459288585844e-06,20,2.5730294043826117e-06,0
2.5730294043826117e-06,20,1.7191946792473036e-06,0
1.7191946792473036e-06,20,1.0924736801153843e-06,0
1.0924736801153843e-06,20,6.921615847253434e-07,1
13.504272953197415,20,2.1279778609300717,0
2.1279778609300717,20,1.2015322574030944,0
1.2015322574030944,20,0.9225318242679952,0
0.9225318242679952,20,0.808121237363794,0
0.808121237363794,20,0.7329284464975097,0
0.7329284464975097,20,0.6789577986539549,0
0.6789577986539549,20,0.6370521289989342,0
0.6370521289989342,20,0.6032874429042301,0
0.6032874429042301,20,0.5739179479099201,0
0.5739179479099201,20,0.5469834132493618,0
0.5469834132493618,20,0.519919353656183,0
0.519919353656183,20,0.49247657385004134,0
0.49247657385004134,20,0.46367197897337337,0
0.46367197897337337,20,0.4344224907473606,0
0.4344224907473606,20,0.4045531631646635,0
0.4045531631646635,20,0.3749496698066532,0
0.3749496698066532,20,0.3457683011418736,0
0.3457683011418736,20,0.31735850912575453,0
0.31735850912575453,20,0.2902231153231314,0
0.2902231153231314,20,0.2640085653368861,0
0.2640085653368861,20,0.2397006268373256,0
0.2397006268373256,20,0.2161956455226188,0
0.2161956455226188,20,0.19504908044183625,0
0.19504908044183625,20,0.17442509614783505,0
0.17442509614783505,20,0.15647299040464946,0
0.15647299040464946,20,0.13867316533082152,0
0.13867316533082152,20,0.12373246663003966,0
0.12373246663003966,20,0.10850657618541067,0
0.10850657618541067,20,0.09620740659679376,0
0.09620740659679376,20,0.08322054751247797,0
0.08322054751247797,20,0.07288061594436789,0
0.07288061594436789,20,0.060891692009488435,0
0.060891692009488435,20,0.05246758005790119,0
0.05246758005790119,20,0.04073773509858261,0
0.04073773509858261,20,0.03249054196651631,0
0.03249054196651631,20,0.019202232616610616,0
0.019202232616610616,20,0.011802824678391954,0
0.011802824678391954,20,0.0053649172606176805,0
0.0053649172606176805,20,0.002493615896080743,0
0.002493615896080743,20,0.002149212540897097,0
0.002149212540897097,20,0.0018947508057966264,0
0.0018947508057966264,20,0.0015505799537927083,0
0.0015505799537927083,20,0.0012990861106595625,0
0.0012990861106595625,20,0.0009123914319426683,0
0.0009123914319426683,20,0.0006623251889544668,0
0.0006623251889544668,20,0.0002879425154523906,0
0.0002879425154523906,20,0.00013286625746445924,0
0.00013286625746445924,20,0.00011520615396124959,0
0.00011520615396124959,20,9.858977215511085e-05,0
9.858977215511085e-05,20,8.83680200612809e-05,0
8.83680200612809e-05,20,7.788635840504581e-05,0
7.788635840504581e-05,20,7.047747909776643e-05,0
7.047747909776643e-05,20,6.249862830679235e-05,0
6.249862830679235e-05,20,5.6588434747300735e-05,0
5.6588434747300735e-05,20,4.987459328140134e-05,0
4.987459328140134e-05,20,4.4789037909359226e-05,0
4.4789037909359226e-05,20,3.870321794777529e-05,0
3.870321794777529e-05,20,3.403286453447628e-05,0
3.403286453447628e-05,20,2.8135518943334265e-05,0
2.8135518943334265e-05,20,2.368985236616759e-05,0
2.368985236616759e-05,20,1.7658138346099204e-05,0
1.7658138346099204e-05,20,1.3432250739421857e-05,0
1.3432250739421857e-05,20,7.60896730137938e-06,0
7.60896730137938e-06,20,4.451277747307651e-06,0
4.451277747307651e-06,20,1.0263270797524294e-06,0
1.0263270797524294e-06,20,2.5706850262926885e-07,1
14.581891491568296,20,2.523944149206233,0
2.523944149206233,20,1.916186156325589,0
1.916186156325589,20,1.6144422169206065,0
1.6144422169206065,20,1.3359710463329915,0
1.3359710463329915,20,1.1597885586835013,0
1.1597885586835013,20,1.006399425544608,0
1.006399425544608,20,0.893396534725409,0
0.893396534725409,20,0.7887455550401794,0
0.7887455550401794,20,0.7086109559750756,0
0.7086109559750756,20,0.62566064280174,0
0.62566064280174,20,0.5592258652147644,0
0.5592258652147644,20,0.48650474725563025,0
0.48650474725563025,20,0.427429795107322,0
0.427429795107322,20,0.36230223653544563,0
0.36230223653544563,20,0.3097184666575363,0
0.3097184666575363,20,0.25244737324069044,0
0.25244737324069044,20,0.20748352743422024,0
0.20748352743422024,20,0.15953391874913675,0
0.15953391874913675,20,0.12388220612996999,0
0.12388220612996999,20,0.08647549513325445,0
0.08647549513325445,20,0.061289484555298826,0
0.061289484555298826,20,0.03372148759402706,0
0.03372148759402706,20,0.01909022910825446,0
0.01909022910825446,20,0.003941705205849043,0
0.003941705205849043,20,0.0008690021284525801,0
0.0008690021284525801,20,0.0007475548331811896,0
0.0007475548331811896,20,0.0006500002417374464,0
0.0006500002417374464,20,0.000550651745729915,0
0.000550651745729915,20,0.0004776306184095319,0
0.0004776306184095319,20,0.00036634902887828336,0
0.00036634902887828336,20,0.0002896737317314666,0
0.0002896737317314666,20,0.0001580364354082312,0
0.0001580364354082312,20,8.99622325737496e-05,0
8.99622325737496e-05,20,2.977890307861866e-05,0
2.977890307861866e-05,20,1.0795009027112112e-05,0
1.0795009027112112e-05,20,9.540695511505078e-06,0
9.540695511505078e-06,20,8.228092812353113e-06,0
8.228092812353113e-06,20,7.268718441190822e-06,0
7.268718441190822e-06,20,6.392775154906671e-06,0
6.392775154906671e-06,20,5.5737191008023e-06,0
5.5737191008023e-06,20,4.926466333528684e-06,0
4.926466333528684e-06,20,4.284806618972922e-06,0
4.284806618972922e-06,20,3.7903310159917696e-06,0
3.7903310159917696e-06,20,3.2780743160334523e-06,0
3.2780743160334523e-06,20,2.876269159658493e-06,0
2.876269159658493e-06,20,2.458151199876394e-06,0
2.458151199876394e-06,20,2.1632559074693345e-06,0
2.1632559074693345e-06,20,1.8191962487552925e-06,0
1.8191962487552925e-06,20,1.5683652551367134e-06,0
1.5683652551367134e-06,20,1.2617389038753238e-06,0
1.2617389038753238e-06,20,1.0395395034685746e-06,0
1.0395395034685746e-06,20,7.689147982833281e-07,1
